<?xml version="1.0"?>
<data grt_format="2.0">
  <value _ptr_="000000001E598670" type="list" content-type="object" content-struct-name="db.mgmt.Connection">
    <value type="object" struct-name="db.mgmt.Connection" id="{AC41FBC8-0D66-4243-B8B4-5DB67B4CBF66}" struct-checksum="0x96ba47d8">
      <link type="object" struct-name="db.mgmt.Driver" key="driver">com.mysql.rdbms.mysql.driver.native</link>
      <value type="string" key="hostIdentifier">Mysql@localhost:3306</value>
      <value type="int" key="isDefault">1</value>
      <value _ptr_="0000000024E587A0" type="dict" key="modules"/>
      <value _ptr_="0000000024E60450" type="dict" key="parameterValues">
        <value type="string" key="DbSqlEditor:LastDefaultSchema">ex3</value>
        <value type="int" key="OPT_READ_TIMEOUT">300</value>
        <value type="string" key="SQL_MODE"></value>
        <value type="string" key="hostName">localhost</value>
        <value type="int" key="lastConnected">1503481000</value>
        <value type="string" key="password"></value>
        <value type="int" key="port">3306</value>
        <value type="string" key="schema"></value>
        <value type="string" key="serverVersion">5.7.10-log</value>
        <value type="string" key="sslCA"></value>
        <value type="string" key="sslCert"></value>
        <value type="string" key="sslCipher"></value>
        <value type="string" key="sslKey"></value>
        <value type="int" key="useSSL">1</value>
        <value type="string" key="userName">root</value>
      </value>
      <value type="string" key="name">Local instance MySQL57</value>
      <link type="object" struct-name="GrtObject" key="owner">{54B18C13-AE70-4AD1-B295-F3A61885305E}</link>
    </value>
    <value type="object" struct-name="db.mgmt.Connection" id="{4E0F0B47-69D4-4E8B-8C22-BDB3C9238E87}" struct-checksum="0x96ba47d8">
      <link type="object" struct-name="db.mgmt.Driver" key="driver">com.mysql.rdbms.mysql.driver.native</link>
      <value type="string" key="hostIdentifier">Mysql@46.101.238.66:3306</value>
      <value type="int" key="isDefault">0</value>
      <value _ptr_="0000000024E5FFF0" type="dict" key="modules"/>
      <value _ptr_="0000000024E60840" type="dict" key="parameterValues">
        <value type="string" key="SQL_MODE"></value>
        <value type="string" key="hostName">46.101.238.66</value>
        <value type="int" key="lastConnected">1478532777</value>
        <value type="string" key="password"></value>
        <value type="int" key="port">3306</value>
        <value type="string" key="schema"></value>
        <value type="string" key="serverVersion">5.7.15-0ubuntu0.16.04.1</value>
        <value type="string" key="sslCA"></value>
        <value type="string" key="sslCert"></value>
        <value type="string" key="sslCipher"></value>
        <value type="string" key="sslKey"></value>
        <value type="int" key="useSSL">1</value>
        <value type="string" key="userName">reader</value>
      </value>
      <value type="string" key="name">ubuntu</value>
      <link type="object" struct-name="GrtObject" key="owner">{54B18C13-AE70-4AD1-B295-F3A61885305E}</link>
    </value>
    <value type="object" struct-name="db.mgmt.Connection" id="{EB63827D-367C-4966-9109-1EBC1D9D396B}" struct-checksum="0x96ba47d8">
      <link type="object" struct-name="db.mgmt.Driver" key="driver">com.mysql.rdbms.mysql.driver.native</link>
      <value type="string" key="hostIdentifier">Mysql@46.101.126.94:3306</value>
      <value type="int" key="isDefault">0</value>
      <value _ptr_="0000000024E60060" type="dict" key="modules"/>
      <value _ptr_="0000000024E600D0" type="dict" key="parameterValues">
        <value type="string" key="DbSqlEditor:LastDefaultSchema">polygon</value>
        <value type="string" key="SQL_MODE"></value>
        <value type="string" key="hostName">46.101.126.94</value>
        <value type="int" key="lastConnected">1484047664</value>
        <value type="string" key="password"></value>
        <value type="int" key="port">3306</value>
        <value type="string" key="schema"></value>
        <value type="string" key="serverVersion">5.7.15-0ubuntu0.16.04.1</value>
        <value type="string" key="sslCA"></value>
        <value type="string" key="sslCert"></value>
        <value type="string" key="sslCipher"></value>
        <value type="string" key="sslKey"></value>
        <value type="int" key="useSSL">1</value>
        <value type="string" key="userName">root</value>
      </value>
      <value type="string" key="name">polygonMySQL</value>
      <link type="object" struct-name="GrtObject" key="owner">{54B18C13-AE70-4AD1-B295-F3A61885305E}</link>
    </value>
  </value>
</data>
