<?xml version="1.0"?>
<data grt_format="2.0">
  <value _ptr_="000000001E598590" type="list" content-type="object" content-struct-name="db.mgmt.ServerInstance">
    <value type="object" struct-name="db.mgmt.ServerInstance" id="{E3C3C985-5FFA-4F6D-BEFF-E995734254D2}" struct-checksum="0x367436e2">
      <link type="object" struct-name="db.mgmt.Connection" key="connection">{AC41FBC8-0D66-4243-B8B4-5DB67B4CBF66}</link>
      <value _ptr_="0000000024E605A0" type="dict" key="loginInfo">
        <value type="string" key="wmi.hostName"></value>
        <value type="string" key="wmi.userName"></value>
      </value>
      <value _ptr_="0000000024E64120" type="dict" key="serverInfo">
        <value type="string" key="detected_os_name">Windows 10 Home</value>
        <value type="string" key="detected_os_type">windows</value>
        <value type="string" key="detected_os_variant">Windows</value>
        <value type="string" key="detected_os_version">Microsoft Windows [Version 10.0.14393]</value>
        <value type="string" key="errorLogFilePath">TROELS.err</value>
        <value type="string" key="serverVersion">5.7.10-log</value>
        <value type="int" key="setupPending">0</value>
        <value type="string" key="sys.config.path">C:\ProgramData\MySQL\MySQL Server 5.7\my.ini</value>
        <value type="int" key="sys.config.path.lock">1</value>
        <value type="string" key="sys.config.section">mysqld</value>
        <value type="string" key="sys.mysqld.service_name">MySQL57</value>
        <value type="string" key="sys.preset">Custom</value>
        <value type="string" key="sys.sudo"></value>
        <value type="string" key="sys.system">Windows</value>
        <value type="int" key="sys.usesudo">1</value>
        <value type="int" key="sys.usesudostatus">0</value>
        <value type="int" key="windowsAdmin">1</value>
      </value>
      <value type="string" key="name">Local MySQL57</value>
    </value>
    <value type="object" struct-name="db.mgmt.ServerInstance" id="{E67D72BD-6F3B-4498-B553-7281170FE441}" struct-checksum="0x367436e2">
      <link type="object" struct-name="db.mgmt.Connection" key="connection">{4E0F0B47-69D4-4E8B-8C22-BDB3C9238E87}</link>
      <value _ptr_="0000000024E634E0" type="dict" key="loginInfo"/>
      <value _ptr_="0000000024E62E50" type="dict" key="serverInfo">
        <value type="int" key="setupPending">1</value>
      </value>
      <value type="string" key="name">ubuntu</value>
    </value>
    <value type="object" struct-name="db.mgmt.ServerInstance" id="{7414AB9D-EC7F-4880-A417-338DFD28CC37}" struct-checksum="0x367436e2">
      <link type="object" struct-name="db.mgmt.Connection" key="connection">{EB63827D-367C-4966-9109-1EBC1D9D396B}</link>
      <value _ptr_="0000000024E63390" type="dict" key="loginInfo"/>
      <value _ptr_="0000000024E64190" type="dict" key="serverInfo">
        <value type="int" key="setupPending">1</value>
      </value>
      <value type="string" key="name">polygonMySQL</value>
    </value>
  </value>
</data>
